campaignId,campaignName,state,type
67770de8e345699491e69ce2,"Veteran - PAVET - AK",AK,PAVET
67770d61e345699491e695ca,"Veteran - PAVET - AL",AL,PAVET
67770e13e345699491e69e66,"Veteran - PAVET - AR",AR,PAVET
67770dfde345699491e69d98,"Veteran - PAVET - AZ",AZ,PAVET
67770e71e345699491e6a727,"Veteran - PAVET - CA",CA,PAVET
67770f14e345699491e6b502,"Veteran - PAVET - CO",CO,PAVET
67770f49e345699491e6ba73,"Veteran - PAVET - CT",CT,PAVET
6777103be345699491e6ce05,"Veteran - PAVET - DC",DC,PAVET
67771027e345699491e6cc2a,"Veteran - PAVET - DE",DE,PAVET
6777104ee345699491e6d012,"Veteran - PAVET - FL",FL,PAVET
67771062e345699491e6d1bb,"Veteran - PAVET - GA",GA,PAVET
67771076e345699491e6d3d3,"Veteran - PAVET - HI",HI,PAVET
677711ace345699491e6ee5c,"Veteran - PAVET - IA",IA,PAVET
67771090e345699491e6d5fc,"Veteran - PAVET - ID",ID,PAVET
677710a8e345699491e6d8bf,"Veteran - PAVET - IL",IL,PAVET
677710c5e345699491e6dc6f,"Veteran - PAVET - IN",IN,PAVET
677711cae345699491e6f00b,"Veteran - PAVET - KS",KS,PAVET
67771231e345699491e6f553,"Veteran - PAVET - KY",KY,PAVET
67771246e345699491e6f723,"Veteran - PAVET - LA",LA,PAVET
67771276e345699491e6fb9b,"Veteran - PAVET - MD",MD,PAVET
67771265e345699491e6fa37,"Veteran - PAVET - ME",ME,PAVET
677712aee345699491e700ae,"Veteran - PAVET - MI",MI,PAVET
677712bfe345699491e70224,"Veteran - PAVET - MN",MN,PAVET
677712e1e345699491e70544,"Veteran - PAVET - MO",MO,PAVET
677712d0e345699491e703b7,"Veteran - PAVET - MS",MS,PAVET
677712f4e345699491e70703,"Veteran - PAVET - MT",MT,PAVET
677714c6e345699491e72bc6,"Veteran - PAVET - NC",NC,PAVET
67771505e345699491e732b9,"Veteran - PAVET - ND",ND,PAVET
67771325e345699491e70bb2,"Veteran - PAVET - NE",NE,PAVET
67771348e345699491e70f5f,"Veteran - PAVET - NH",NH,PAVET
6777135ae345699491e71133,"Veteran - PAVET - NJ",NJ,PAVET
67771472e345699491e7241a,"Veteran - PAVET - NM",NM,PAVET
67771336e345699491e70d86,"Veteran - PAVET - NV",NV,PAVET
67771487e345699491e725e7,"Veteran - PAVET - NY",NY,PAVET
67771515e345699491e73442,"Veteran - PAVET - OH",OH,PAVET
67771527e345699491e73757,"Veteran - PAVET - OK",OK,PAVET
67771534e345699491e738aa,"Veteran - PAVET - OR",OR,PAVET
6777154ee345699491e73b48,"Veteran - PAVET - PA",PA,PAVET
67771587e345699491e74080,"Veteran - PAVET - RI",RI,PAVET
677715a4e345699491e7435e,"Veteran - PAVET - SC",SC,PAVET
677715b5e345699491e744fe,"Veteran - PAVET - SD",SD,PAVET
677715d7e345699491e747c6,"Veteran - PAVET - TN",TN,PAVET
677715ede345699491e74897,"Veteran - PAVET - TX",TX,PAVET
677715fde345699491e74921,"Veteran - PAVET - UT",UT,PAVET
67771621e345699491e74ba1,"Veteran - PAVET - VA",VA,PAVET
6777160de345699491e749d8,"Veteran - PAVET - VT",VT,PAVET
67771634e345699491e74d90,"Veteran - PAVET - WA",WA,PAVET
67771657e345699491e75b16,"Veteran - PAVET - WI",WI,PAVET
67771646e345699491e7545f,"Veteran - PAVET - WV",WV,PAVET
6777166ae345699491e75ca4,"Veteran - PAVET - WY",WY,PAVET
677ab16c27b78ac01f4ba371,"Globe-VN-AK",AK,VN
677ab08027b78ac01f4b99dc,"Globe-VN-AL",AL,VN
677ab19727b78ac01f4ba636,"Globe-VN-AR",AR,VN
677ab18327b78ac01f4ba4e7,"Globe-VN-AZ",AZ,VN
677ab30327b78ac01f4bbd37,"Globe-VN-CA",CA,VN
677ab31727b78ac01f4bbd6c,"Globe-VN-CO",CO,VN
677ab33127b78ac01f4bbdb5,"Globe-VN-CT",CT,VN
677ab36e27b78ac01f4bc1ce,"Globe-VN-DC",DC,VN
677ab35927b78ac01f4bc05c,"Globe-VN-DE",DE,VN
677ab38727b78ac01f4bc35a,"Globe-VN-FL",FL,VN
677ab39a27b78ac01f4bc49c,"Globe-VN-GA",GA,VN
677ab3ec27b78ac01f4bc5db,"Globe-VN-HI",HI,VN
677ab45427b78ac01f4bcbcf,"Globe-VN-IA",IA,VN
677ab41c27b78ac01f4bc80d,"Globe-VN-ID",ID,VN
677ab42c27b78ac01f4bc936,"Globe-VN-IL",IL,VN
677ab43f27b78ac01f4bca84,"Globe-VN-IN",IN,VN
677ab46727b78ac01f4bcd05,"Globe-VN-KS",KS,VN
677ab47727b78ac01f4bce0c,"Globe-VN-KY",KY,VN
677ab48b27b78ac01f4bcfc3,"Globe-VN-LA",LA,VN
677ab4c627b78ac01f4bd35d,"Globe-VN-MA",MA,VN
677ab4b127b78ac01f4bd221,"Globe-VN-MD",MD,VN
677ab49b27b78ac01f4bd0c2,"Globe-VN-ME",ME,VN
677ab4da27b78ac01f4bd4a0,"Globe-VN-MI",MI,VN
677ab4e927b78ac01f4bd59a,"Globe-VN-MN",MN,VN
677ab51f27b78ac01f4bd8cd,"Globe-VN-MO",MO,VN
677ab50b27b78ac01f4bd79c,"Globe-VN-MS",MS,VN
677ab53e27b78ac01f4bda8d,"Globe-VN-MT",MT,VN
677ab81827b78ac01f4c015a,"Globe-VN-NC",NC,VN
677ab82c27b78ac01f4c016e,"Globe-VN-ND",ND,VN
677ab57727b78ac01f4bdef4,"Globe-VN-NE",NE,VN
677ab5b627b78ac01f4be330,"Globe-VN-NH",NH,VN
677ab6e627b78ac01f4bef52,"Globe-VN-NJ",NJ,VN
677ab7eb27b78ac01f4bffc1,"Globe-VN-NM",NM,VN
677ab5a127b78ac01f4be170,"Globe-VN-NV",NV,VN
677ab80b27b78ac01f4c0141,"Globe-VN-NY",NY,VN
677ab88127b78ac01f4c02d9,"Globe-VN-OH",OH,VN
677ab8cb27b78ac01f4c05b5,"Globe-VN-OK",OK,VN
677ab8d927b78ac01f4c0693,"Globe-VN-OR",OR,VN
677ab91427b78ac01f4c0a18,"Globe-VN-PA",PA,VN
677ab92427b78ac01f4c0b16,"Globe-VN-RI",RI,VN
677ab92f27b78ac01f4c0c39,"Globe-VN-SC",SC,VN
677ab96127b78ac01f4c0f9f,"Globe-VN-SD",SD,VN
677ab97027b78ac01f4c1094,"Globe-VN-TN",TN,VN
677ab97b27b78ac01f4c113d,"Globe-VN-TX",TX,VN
677abb5d27b78ac01f4c269c,"Globe-VN-UT",UT,VN
677abb8027b78ac01f4c2908,"Globe-VN-VA",VA,VN
677abb7227b78ac01f4c2808,"Globe-VN-VT",VT,VN
677abc1627b78ac01f4c3298,"Globe-VN-WA",WA,VN
677abc3727b78ac01f4c3496,"Globe-VN-WI",WI,VN
677abc2327b78ac01f4c3357,"Globe-VN-WV",WV,VN
677abc4727b78ac01f4c3587,"Globe-VN-WY",WY,VN
