QueueName,QueueID,Extension,MemberCount,AgentEmail,AgentID,AgentName,AgentRoles,Markets,State,MarketType
Globe Lapsed,63020000000992005,,0,,,,,,Active,
GLOBE-AK,63020000000013151,,0,,,,,,Active,
GLOBE-AL,63020000000013129,,0,,,,,,Active,
GLOBE-AR,63020000000013183,,0,,,,,,Active,
GLOBE-AZ,63020000000013167,,0,,,,,,Active,
GLOBE-CA,63020000000013199,,0,,,,,,Active,
GLOBE-CO,63020000000013215,,0,,,,,,Active,
GLOBE-CT,63020000000013231,,0,,,,,,Active,
GLOBE-DC,63020000000048085,,0,,,,,,Active,
GLOBE-DE,63020000000013247,,0,,,,,,Active,
GLOBE-FL,63020000000013263,,0,,,,,,Active,
GLOBE-GA,63020000000013279,,0,,,,,,Active,
GLOBE-HI,63020000000013295,,0,,,,,,Active,
GLOBE-IA,63020000000013343,,0,,,,,,Active,
GLOBE-ID,63020000000013311,,0,,,,,,Active,
GLOBE-IL,63020000000013327,,0,,,,,,Active,
GLOBE-IN,63020000000013921,,0,,,,,,Active,
GLOBE-KS,63020000000013359,,0,,,,,,Active,
GLOBE-KY,63020000000013375,,0,,,,,,Active,
GLOBE-LA,63020000000013391,,0,,,,,,Active,
GLOBE-MA,63020000000013439,,0,,,,,,Active,
GLOBE-MD,63020000000013423,,0,,,,,,Active,
GLOBE-ME,63020000000013407,,0,,,,,,Active,
GLOBE-MI,63020000000013455,,0,,,,,,Active,
GLOBE-MN,63020000000013471,,0,,,,,,Active,
GLOBE-MO,63020000000013503,,0,,,,,,Active,
GLOBE-MS,63020000000013487,,0,,,,,,Active,
GLOBE-MT,63020000000013519,,0,,,,,,Active,
GLOBE-NC,63020000000013631,,0,,,,,,Active,
GLOBE-ND,63020000000013647,,0,,,,,,Active,
GLOBE-NE,63020000000013535,,0,,,,,,Active,
GLOBE-NH,63020000000013567,,0,,,,,,Active,
GLOBE-NJ,63020000000013583,,0,,,,,,Active,
GLOBE-NM,63020000000013599,,0,,,,,,Active,
GLOBE-NV,63020000000013551,,0,,,,,,Active,
GLOBE-NY,63020000000013615,,0,,,,,,Active,
GLOBE-OH,63020000000013663,,0,,,,,,Active,
GLOBE-OK,63020000000013693,,0,,,,,,Active,
GLOBE-OR,63020000000013707,,0,,,,,,Active,
GLOBE-PA,63020000000013723,,0,,,,,,Active,
GLOBE-RI,63020000000013739,,0,,,,,,Active,
GLOBE-SC,63020000000013755,,0,,,,,,Active,
GLOBE-SD,63020000000013771,,0,,,,,,Active,
GLOBE-TN,63020000000013787,,0,,,,,,Active,
GLOBE-TX,63020000000013803,,0,,,,,,Active,
GLOBE-UT,63020000000013819,,0,,,,,,Active,
GLOBE-VA,63020000000013835,,0,,,,,,Active,
GLOBE-VT,63020000000003053,,0,,,,,,Active,
GLOBE-WA,63020000000013851,,0,,,,,,Active,
GLOBE-WI,63020000000013883,,0,,,,,,Active,
GLOBE-WV,63020000000013867,,0,,,,,,Active,
GLOBE-WY,63020000000013899,,0,,,,,,Active,
missedcallparty,63020000000277479,,0,,,,,,Active,
PAVET-AK,63020000000033031,,0,,,,,,Active,
PAVET-AL,63020000000031019,,0,,,,,,Active,
PAVET-AR,63020000000033159,,0,,,,,,Active,
PAVET-AZ,63020000000033175,,0,,,,,,Active,
PAVET-CA,63020000000032095,,0,,,,,,Active,
PAVET-CO,63020000000032127,,0,,,,,,Active,
PAVET-CT,63020000000032143,,0,,,,,,Active,
PAVET-DC,63020000000041397,,0,,,,,,Active,
PAVET-DE,63020000000032159,,0,,,,,,Active,
PAVET-FL,63020000000032175,,0,,,,,,Active,
PAVET-GA,63020000000032191,,0,,,,,,Active,
PAVET-HI,63020000000032207,,0,,,,,,Active,
PAVET-IA,63020000000032269,,0,,,,,,Active,
PAVET-ID,63020000000032223,,0,,,,,,Active,
PAVET-IL,63020000000032237,,0,,,,,,Active,
PAVET-IN,63020000000032253,,0,,,,,,Active,
PAVET-KS,63020000000032285,,0,,,,,,Active,
PAVET-KY,63020000000032301,,0,,,,,,Active,
PAVET-LA,63020000000032317,,0,,,,,,Active,
PAVET-MA,63020000000032365,,0,,,,,,Active,
PAVET-MD,63020000000032349,,0,,,,,,Active,
PAVET-ME,63020000000032333,,0,,,,,,Active,
PAVET-MI,63020000000032381,,0,,,,,,Active,
PAVET-MN,63020000000032399,,0,,,,,,Active,
PAVET-MO,63020000000032431,,0,,,,,,Active,
PAVET-MS,63020000000032415,,0,,,,,,Active,
PAVET-MT,63020000000032447,,0,,,,,,Active,
PAVET-NC,63020000000032561,,0,,,,,,Active,
PAVET-ND,63020000000032577,,0,,,,,,Active,
PAVET-NE,63020000000032463,,0,,,,,,Active,
PAVET-NH,63020000000032495,,0,,,,,,Active,
PAVET-NJ,63020000000032511,,0,,,,,,Active,
PAVET-NM,63020000000032527,,0,,,,,,Active,
PAVET-NV,63020000000032479,,0,,,,,,Active,
PAVET-NY,63020000000032543,,0,,,,,,Active,
PAVET-OH,63020000000673571,,0,,,,,,Active,
PAVET-OK,63020000000032625,,0,,,,,,Active,
PAVET-OR,63020000000032641,,0,,,,,,Active,
PAVET-PA,63020000000032673,,0,,,,,,Active,
PAVET-SC,63020000000032705,,0,,,,,,Active,
PAVET-SD,63020000000032721,,0,,,,,,Active,
PAVET-TN,63020000000032737,,0,,,,,,Active,
PAVET-TX,63020000000682209,,0,,,,,,Active,
PAVET-UT,63020000000032769,,0,,,,,,Active,
PAVET-VA,63020000000032801,,0,,,,,,Active,
PAVET-VT,63020000000032785,,0,,,,,,Active,
PAVET-WA,63020000000032817,,0,,,,,,Active,
PAVET-WI,63020000000032849,,0,,,,,,Active,
PAVET-WV,63020000000032833,,0,,,,,,Active,
PAVET-WY,63020000000032865,,0,,,,,,Active,
WOMENS-AL,63020000000039619,,0,,,,,,Active,
WOMENS-AK,63020000000039635,,0,,,,,,Active,
WOMENS-AZ,63020000000039651,,0,,,,,,Active,
WOMENS-AR,63020000000039667,,0,,,,,,Active,
WOMENS-CA,63020000000039683,,0,,,,,,Active,
WOMENS-CO,63020000000039699,,0,,,,,,Active,
WOMENS-CT,63020000000039715,,0,,,,,,Active,
WOMENS-DC,63020000000056291,,0,,,,,,Active,
WOMENS-DE,63020000000039731,,0,,,,,,Active,
WOMENS-FL,63020000000039747,,0,,,,,,Active,
WOMENS-GA,63020000000039763,,0,,,,,,Active,
WOMENS-HI,63020000000039779,,0,,,,,,Active,
WOMENS-ID,63020000000039795,,0,,,,,,Active,
WOMENS-IL,63020000000039811,,0,,,,,,Active,
WOMENS-IN,63020000000039827,,0,,,,,,Active,
WOMENS-IA,63020000000039843,,0,,,,,,Active,
WOMENS-KS,63020000000039859,,0,,,,,,Active,
WOMENS-KY,63020000000039935,,0,,,,,,Active,
WOMENS-LA,63020000000039951,,0,,,,,,Active,
WOMENS-ME,63020000000039971,,0,,,,,,Active,
WOMENS-MD,63020000000039987,,0,,,,,,Active,
WOMENS-MA,63020000000042003,,0,,,,,,Active,
WOMENS-MI,63020000000042019,,0,,,,,,Active,
WOMENS-MN,63020000000042035,,0,,,,,,Active,
WOMENS-MS,63020000000042051,,0,,,,,,Active,
WOMENS-MO,63020000000042067,,0,,,,,,Active,
WOMENS-MT,63020000000042083,,0,,,,,,Active,
WOMENS-NE,63020000000042099,,0,,,,,,Active,
WOMENS-NV,63020000000042117,,0,,,,,,Active,
WOMENS-NH,63020000000042133,,0,,,,,,Active,
WOMENS-NJ,63020000000042165,,0,,,,,,Active,
WOMENS-NM,63020000000042179,,0,,,,,,Active,
WOMENS-NY,63020000000042195,,0,,,,,,Active,
WOMENS-NC,63020000000042209,,0,,,,,,Active,
WOMENS-ND,63020000000042223,,0,,,,,,Active,
WOMENS-OH,63020000000042241,,0,,,,,,Active,
WOMENS-OK,63020000000042255,,0,,,,,,Active,
WOMENS-OR,63020000000042271,,0,,,,,,Active,
WOMENS-PA,63020000000042287,,0,,,,,,Active,
WOMENS-RI,63020000000042303,,0,,,,,,Active,
WOMENS-SC,63020000000042319,,0,,,,,,Active,
WOMENS-SD,63020000000042335,,0,,,,,,Active,
WOMENS-TN,63020000000042351,,0,,,,,,Active,
WOMENS-TX,63020000000042365,,0,,,,,,Active,
WOMENS-UT,63020000000042379,,0,,,,,,Active,
WOMENS-VT,63020000000042393,,0,,,,,,Active,
WOMENS-VA,63020000000042407,,0,,,,,,Active,
WOMENS-WA,63020000000042421,,0,,,,,,Active,
WOMENS-WV,63020000000042435,,0,,,,,,Active,
WOMENS-WI,63020000000042449,,0,,,,,,Active,
WOMENS-WY,63020000000042463,,0,,,,,,Active,
WILLKIT-AK,63020000000033585,,0,,,,,,Active,
WILLKIT-AL,63020000000033347,,0,,,,,,Active,
WILLKIT-AR,63020000000033797,,0,,,,,,Active,
WILLKIT-AZ,63020000000033781,,0,,,,,,Active,
WILLKIT-CA,63020000000033833,,0,,,,,,Active,
WILLKIT-CO,63020000000033849,,0,,,,,,Active,
WILLKIT-CT,63020000000033865,,0,,,,,,Active,
WILLKIT-DC,63020000000056473,,0,,,,,,Active,
WILLKIT-DE,63020000000033881,,0,,,,,,Active,
WILLKIT-FL,63020000000033897,,0,,,,,,Active,
WILLKIT-GA,63020000000033913,,0,,,,,,Active,
WILLKIT-HI,63020000000033929,,0,,,,,,Active,
WILLKIT-IA,63020000000033993,,0,,,,,,Active,
WILLKIT-ID,63020000000033945,,0,,,,,,Active,
WILLKIT-IL,63020000000033961,,0,,,,,,Active,
WILLKIT-IN,63020000000033977,,0,,,,,,Active,
WILLKIT-KS,63020000000039009,,0,,,,,,Active,
WILLKIT-KY,63020000000039025,,0,,,,,,Active,
WILLKIT-LA,63020000000039041,,0,,,,,,Active,
WILLKIT-MA,63020000000039089,,0,,,,,,Active,
WILLKIT-MD,63020000000039073,,0,,,,,,Active,
WILLKIT-ME,63020000000039057,,0,,,,,,Active,
WILLKIT-MI,63020000000039105,,0,,,,,,Active,
WILLKIT-MN,63020000000039121,,0,,,,,,Active,
WILLKIT-MO,63020000000039153,,0,,,,,,Active,
WILLKIT-MS,63020000000039137,,0,,,,,,Active,
WILLKIT-MT,63020000000039169,,0,,,,,,Active,
WILLKIT-NC,63020000000039283,,0,,,,,,Active,
WILLKIT-ND,63020000000039299,,0,,,,,,Active,
WILLKIT-NE,63020000000039185,,0,,,,,,Active,
WILLKIT-NH,63020000000039217,,0,,,,,,Active,
WILLKIT-NJ,63020000000039233,,0,,,,,,Active,
WILLKIT-NM,63020000000039249,,0,,,,,,Active,
WILLKIT-NV,63020000000039201,,0,,,,,,Active,
WILLKIT-NY,63020000000039265,,0,,,,,,Active,
WILLKIT-OH,63020000000039315,,0,,,,,,Active,
WILLKIT-OK,63020000000039331,,0,,,,,,Active,
WILLKIT-OR,63020000000039347,,0,,,,,,Active,
WILLKIT-PA,63020000000039363,,0,,,,,,Active,
WILLKIT-RI,63020000000039379,,0,,,,,,Active,
WILLKIT-SC,63020000000039395,,0,,,,,,Active,
WILLKIT-SD,63020000000039411,,0,,,,,,Active,
WILLKIT-TN,63020000000039427,,0,,,,,,Active,
WILLKIT-TX,63020000000039445,,0,,,,,,Active,
WILLKIT-UT,63020000000039461,,0,,,,,,Active,
WILLKIT-VA,63020000000039493,,0,,,,,,Active,
WILLKIT-VT,63020000000039477,,0,,,,,,Active,
WILLKIT-WA,63020000000039509,,0,,,,,,Active,
WILLKIT-WI,63020000000039541,,0,,,,,,Active,
WILLKIT-WV,63020000000039525,,0,,,,,,Active,
WILLKIT-WY,63020000000039557,,0,,,,,,Active,