State,Market,TotalAgents,CampaignID,HourDial
CA,Womens,4,N/A,1
CA,SMB,3,N/A,1
CO,Womens,3,N/A,1
CO,SMB,4,N/A,1
CT,Vet,4,67770f49e345699491e6ba73,1
CT,Globe,2,677ab33127b78ac01f4bbdb5,1
CT,Will Kit,2,677abe0c27b78ac01f4c4d77,1
CT,Womens,0,N/A,1
CT,SMB,1,N/A,1
DE,Globe,3,677ab35927b78ac01f4bc05c,1
DE,Womens,1,N/A,1
DE,SMB,1,N/A,1
FL,Womens,2,67847e69477432a7c853f1c3,1
FL,SMB,5,N/A,1
ID,Globe,3,677ab41c27b78ac01f4bc80d,1
ID,Will Kit,4,677abead27b78ac01f4c5858,1
ID,Womens,1,N/A,1
ID,SMB,3,N/A,1
IL,Womens,2,N/A,1
IL,SMB,2,N/A,1
KY,Globe,3,677ab47727b78ac01f4bce0c,1
KY,Womens,1,N/A,1
KY,SMB,2,N/A,1
MD,Womens,2,N/A,1
MD,SMB,3,N/A,1
MI,Womens,5,N/A,1
MI,SMB,5,N/A,1
MO,Globe,4,677ab51f27b78ac01f4bd8cd,1
MO,Womens,1,N/A,1
MO,SMB,3,N/A,1
NC,SMB,4,N/A,1
NM,Womens,1,N/A,1
NM,SMB,2,N/A,1
NV,Womens,1,N/A,1
NV,SMB,5,N/A,1
OH,Womens,2,N/A,1
OH,SMB,5,N/A,1
OK,Globe,3,677ab8cb27b78ac01f4c05b5,1
OK,Womens,0,N/A,1
OK,SMB,3,N/A,1
OR,Womens,4,N/A,1
OR,SMB,5,N/A,1
SC,Womens,0,N/A,1
SC,SMB,3,N/A,1
SD,Globe,2,677ab96127b78ac01f4c0f9f,1
SD,Womens,0,N/A,1
SD,SMB,3,N/A,1
TN,Globe,4,677ab97027b78ac01f4c1094,1
TN,Womens,2,N/A,1
TN,SMB,3,N/A,1
TX,SMB,4,N/A,1
WA,Womens,6,N/A,1
WA,SMB,4,N/A,1
WI,Womens,3,N/A,1
WI,SMB,5,N/A,1
WV,Globe,1,677abc2327b78ac01f4c3357,1
WV,Womens,1,N/A,1
WV,SMB,3,N/A,1
MN,Womens,3,N/A,1
MN,SMB,4,N/A,1
AZ,Womens,3,N/A,1
AZ,SMB,4,N/A,1
IA,Globe,4,677ab45427b78ac01f4bcbcf,1
IA,Womens,1,N/A,1
IA,SMB,3,N/A,1
AL,Globe,2,677ab08027b78ac01f4b99dc,1
AL,Womens,0,67847e2c477432a7c853f1a4,1
AL,SMB,2,N/A,1
GA,Globe,3,677ab39a27b78ac01f4bc49c,1
GA,Womens,1,67847e86477432a7c853f1df,1
GA,SMB,2,N/A,1
IN,Womens,4,N/A,1
IN,SMB,3,N/A,1
MS,Globe,2,677ab50b27b78ac01f4bd79c,1
MS,Womens,1,N/A,1
MS,SMB,0,N/A,1
MT,Globe,3,677ab53e27b78ac01f4bda8d,1
MT,Will Kit,4,677ac13327b78ac01f4c7c59,1
MT,Womens,1,N/A,1
MT,SMB,1,N/A,1
ND,Globe,3,677ab82c27b78ac01f4c016e,1
ND,Will Kit,4,677ac1bf27b78ac01f4c8080,1
ND,Womens,2,N/A,1
ND,SMB,0,N/A,1
NE,Womens,2,N/A,1
NE,SMB,1,N/A,1
NJ,Womens,2,N/A,1
NJ,SMB,3,N/A,1
PA,Womens,2,67847eb7477432a7c853f203,1
PA,SMB,3,N/A,1
UT,Globe,3,677abb5d27b78ac01f4c269c,1
UT,Womens,2,N/A,1
UT,SMB,0,N/A,1
VA,Womens,7,N/A,1
VA,SMB,5,N/A,1
AB,Vet,1,N/A,1
AB,Globe,0,N/A,1
AB,Will Kit,1,N/A,1
AB,Womens,1,N/A,1
AB,SMB,0,N/A,1
BC,Vet,1,N/A,1
BC,Globe,0,N/A,1
BC,Will Kit,1,N/A,1
BC,Womens,1,N/A,1
BC,SMB,0,N/A,1
NL,Vet,1,N/A,1
NL,Globe,0,N/A,1
NL,Will Kit,1,N/A,1
NL,Womens,1,N/A,1
NL,SMB,0,N/A,1
ON,Vet,1,N/A,1
ON,Globe,0,N/A,1
ON,Will Kit,1,N/A,1
ON,Womens,1,N/A,1
ON,SMB,0,N/A,1
SK,Vet,1,N/A,1
SK,Globe,0,N/A,1
SK,Will Kit,1,N/A,1
SK,Womens,1,N/A,1
SK,SMB,0,N/A,1
AK,Globe,1,677ab16c27b78ac01f4ba371,1
AK,Will Kit,4,677abd4727b78ac01f4c40e8,1
AK,Womens,0,N/A,1
AK,SMB,3,N/A,1
AR,Globe,3,677ab19727b78ac01f4ba636,1
AR,Womens,1,N/A,1
AR,SMB,1,N/A,1
DC,Globe,2,677ab36e27b78ac01f4bc1ce,1
DC,Womens,1,N/A,1
DC,SMB,0,N/A,1
HI,Globe,2,677ab3ec27b78ac01f4bc5db,1
HI,Will Kit,4,677abe9427b78ac01f4c568b,1
HI,Womens,1,N/A,1
HI,SMB,1,N/A,1
KS,Globe,1,677ab46727b78ac01f4bcd05,1
KS,Womens,0,N/A,1
KS,SMB,2,N/A,1
LA,Globe,1,677ab48b27b78ac01f4bcfc3,1
LA,Womens,1,N/A,1
LA,SMB,2,N/A,1
WY,Globe,1,677abc4727b78ac01f4c3587,1
WY,Will Kit,4,677ac2da27b78ac01f4c9011,1
WY,Womens,0,N/A,1
WY,SMB,1,N/A,1
VT,Globe,3,677abb7227b78ac01f4c2808,1
VT,Will Kit,4,677ac29027b78ac01f4c8b3d,1
VT,Womens,1,N/A,1
VT,SMB,2,N/A,1
RI,Globe,1,677ab92427b78ac01f4c0b16,1
RI,Will Kit,3,677ac24127b78ac01f4c8633,1
RI,Womens,2,N/A,1
RI,SMB,1,N/A,1
ME,Vet,3,67771265e345699491e6fa37,1
ME,Globe,1,677ab49b27b78ac01f4bd0c2,1
ME,Will Kit,3,677ac03427b78ac01f4c6c9f,1
ME,Womens,0,N/A,1
ME,SMB,0,N/A,1
NH,Vet,3,67771348e345699491e70f5f,1
NH,Globe,2,677ab5b627b78ac01f4be330,1
NH,Will Kit,4,677ac18027b78ac01f4c7d8e,1
NH,Womens,2,N/A,1
NH,SMB,0,N/A,1
CA,Vet,8,67770e71e345699491e6a727,69
CA,Globe,8,677ab30327b78ac01f4bbd37,69
CA,Will Kit,6,677abdf327b78ac01f4c4bba,52
CO,Vet,8,67770f14e345699491e6b502,69
CO,Globe,9,677ab31727b78ac01f4bbd6c,78
CO,Will Kit,6,677abe0127b78ac01f4c4cb8,52
DE,Vet,7,67771027e345699491e6cc2a,60
DE,Will Kit,5,677abe3827b78ac01f4c5025,43
FL,Vet,17,6777104ee345699491e6d012,147
FL,Globe,6,677ab38727b78ac01f4bc35a,52
FL,Will Kit,8,677abe5627b78ac01f4c51fb,69
ID,Vet,8,67771090e345699491e6d5fc,69
IL,Vet,7,677710a8e345699491e6d8bf,60
IL,Globe,10,677ab42c27b78ac01f4bc936,86
IL,Will Kit,5,677abef027b78ac01f4c5dc4,43
KY,Vet,9,67771231e345699491e6f553,78
KY,Will Kit,5,677abfe427b78ac01f4c6736,43
MD,Vet,12,67771276e345699491e6fb9b,103
MD,Globe,10,677ab4b127b78ac01f4bd221,86
MD,Will Kit,8,677ac07e27b78ac01f4c71ec,69
MI,Vet,21,677712aee345699491e700ae,181
MI,Globe,8,677ab4da27b78ac01f4bd4a0,69
MI,Will Kit,12,677ac0ce27b78ac01f4c7798,103
MO,Vet,9,677712e1e345699491e70544,78
MO,Will Kit,5,677ac11a27b78ac01f4c7c47,43
NC,Vet,18,677714c6e345699491e72bc6,155
NC,Globe,13,677ab81827b78ac01f4c015a,112
NC,Will Kit,11,677ac1b427b78ac01f4c7fc0,95
NC,Womens,5,67847e9f477432a7c853f1f5,43
NM,Vet,10,67771472e345699491e7241a,86
NM,Globe,6,677ab7eb27b78ac01f4bffc1,52
NM,Will Kit,6,677ac19727b78ac01f4c7de2,52
NV,Vet,10,67771336e345699491e70d86,86
NV,Globe,5,677ab5a127b78ac01f4be170,43
NV,Will Kit,6,677ac15027b78ac01f4c7c89,52
OH,Vet,22,67771515e345699491e73442,190
OH,Globe,9,677ab88127b78ac01f4c02d9,78
OH,Will Kit,9,677ac1f827b78ac01f4c826a,78
OK,Vet,15,67771527e345699491e73757,129
OK,Will Kit,5,677ac20627b78ac01f4c8290,43
OR,Vet,12,67771534e345699491e738aa,103
OR,Globe,6,677ab8d927b78ac01f4c0693,52
OR,Will Kit,9,677ac21127b78ac01f4c8345,78
SC,Vet,14,677715a4e345699491e7435e,121
SC,Globe,8,677ab92f27b78ac01f4c0c39,69
SC,Will Kit,6,677ac24f27b78ac01f4c870c,52
SD,Vet,9,677715b5e345699491e744fe,78
SD,Will Kit,6,677ac25a27b78ac01f4c87ba,52
TN,Vet,14,677715d7e345699491e747c6,121
TN,Will Kit,6,677ac26527b78ac01f4c8872,52
TX,Vet,20,677715ede345699491e74897,172
TX,Globe,14,677ab97b27b78ac01f4c113d,121
TX,Will Kit,14,677ac27227b78ac01f4c8941,121
TX,Womens,5,67847eca477432a7c853f446,43
WA,Vet,19,67771634e345699491e74d90,164
WA,Globe,10,677abc1627b78ac01f4c3298,86
WA,Will Kit,12,677ac2b227b78ac01f4c8daa,103
WI,Vet,13,67771657e345699491e75b16,112
WI,Globe,5,677abc3727b78ac01f4c3496,43
WI,Will Kit,9,677ac2ce27b78ac01f4c8f50,78
WV,Vet,9,67771646e345699491e7545f,78
WV,Will Kit,7,677ac2c027b78ac01f4c8e88,60
MN,Vet,9,677712bfe345699491e70224,78
MN,Globe,6,677ab4e927b78ac01f4bd59a,52
MN,Will Kit,5,677ac0da27b78ac01f4c7857,43
AZ,Vet,17,67770dfde345699491e69d98,147
AZ,Globe,9,677ab18327b78ac01f4ba4e7,78
AZ,Will Kit,9,677abd5527b78ac01f4c4108,78
IA,Vet,9,677711ace345699491e6ee5c,78
IA,Will Kit,8,677abfad27b78ac01f4c63a9,69
AL,Vet,7,67770d61e345699491e695ca,60
AL,Will Kit,5,677ab0a727b78ac01f4b9a0f,43
GA,Vet,14,67771062e345699491e6d1bb,121
GA,Will Kit,9,677abe8727b78ac01f4c5590,78
IN,Vet,14,677710c5e345699491e6dc6f,121
IN,Globe,7,677ab43f27b78ac01f4bca84,60
IN,Will Kit,8,677abf3b27b78ac01f4c6240,69
MS,Vet,5,677712d0e345699491e703b7,43
MS,Will Kit,5,677ac10d27b78ac01f4c7bac,43
MT,Vet,6,677712f4e345699491e70703,52
ND,Vet,5,67771505e345699491e732b9,43
NE,Vet,7,67771325e345699491e70bb2,60
NE,Globe,5,677ab57727b78ac01f4bdef4,43
NE,Will Kit,6,677ac14427b78ac01f4c7c70,52
NJ,Vet,11,6777135ae345699491e71133,95
NJ,Globe,5,677ab6e627b78ac01f4bef52,43
NJ,Will Kit,8,677ac18b27b78ac01f4c7db3,69
PA,Vet,14,6777154ee345699491e73b48,121
PA,Globe,5,677ab91427b78ac01f4c0a18,43
PA,Will Kit,8,677ac21f27b78ac01f4c843e,69
UT,Vet,7,677715fde345699491e74921,60
UT,Will Kit,5,677ac27d27b78ac01f4c8a00,43
VA,Vet,24,67771621e345699491e74ba1,207
VA,Globe,10,677abb8027b78ac01f4c2908,86
VA,Will Kit,14,677ac29d27b78ac01f4c8c56,121
AK,Vet,8,67770de8e345699491e69ce2,69
AR,Vet,9,67770e13e345699491e69e66,78
AR,Will Kit,7,677abde327b78ac01f4c4ac4,60
DC,Vet,5,6777103be345699491e6ce05,43
DC,Will Kit,5,677abe4527b78ac01f4c50f4,43
HI,Vet,5,67771076e345699491e6d3d3,43
KS,Vet,8,677711cae345699491e6f00b,69
KS,Will Kit,5,677abfcd27b78ac01f4c65be,43
LA,Vet,10,67771246e345699491e6f723,86
LA,Will Kit,7,677ac01427b78ac01f4c6a6d,60
WY,Vet,6,6777166ae345699491e75ca4,52
VT,Vet,7,6777160de345699491e749d8,60
RI,Vet,5,67771587e345699491e74080,43
